Order-ID,Date,Product-SKU,Revenue,Shipping-Cost,Platform-Fee,Status
ORD-10001,2026-01-01 09:19,FLOR-06,140.14,24.7,12.83,Cancelled
ORD-10002,2026-01-01 11:25,OUD-02,724.17,26.14,56.89,Cancelled
ORD-10003,2026-01-01 12:52,JASMINE-07,143.16,22.26,13.87,Completed
ORD-10004,2026-01-01 16:42,FLOR-06,201.23,29.05,10.8,Refunded
ORD-10005,2026-01-01 20:12,AMBER-04,423.09,12.26,41.0,Completed
ORD-10006,2026-01-01 23:39,ORIENT-10,668.11,25.01,46.56,Completed
ORD-10007,2026-01-02 00:04,OUD-02,749.74,26.89,42.38,Completed
ORD-10008,2026-01-02 00:25,PERF-01,322.77,28.41,32.28,Pending
ORD-10009,2026-01-02 06:26,OUD-02,528.12,32.46,30.98,Completed
ORD-10010,2026-01-02 08:08,ROSE-05,150.24,12.37,17.28,Completed
ORD-10011,2026-01-02 08:55,OUD-02,499.1,11.84,54.09,Refunded
ORD-10012,2026-01-02 10:21,PERF-01,460.76,20.24,48.42,Refunded
ORD-10013,2026-01-02 12:26,VANILLA-09,97.83,25.78,5.45,Refunded
ORD-10014,2026-01-02 13:07,OUD-02,469.4,15.44,36.18,Completed
ORD-10015,2026-01-02 14:28,VANILLA-09,293.77,16.29,27.9,Refunded
ORD-10016,2026-01-02 15:21,OUD-02,609.09,30.08,71.35,Completed
ORD-10017,2026-01-02 17:12,ORIENT-10,754.15,21.09,40.39,Cancelled
ORD-10018,2026-01-02 20:08,FLOR-06,110.98,28.82,13.17,Pending
ORD-10019,2026-01-02 22:03,VANILLA-09,113.82,32.9,11.2,Completed
ORD-10020,2026-01-03 02:36,VANILLA-09,249.04,26.85,18.32,Refunded
ORD-10021,2026-01-03 07:52,ROSE-05,182.93,19.28,17.81,Cancelled
ORD-10022,2026-01-03 16:04,MUSK-03,232.23,29.19,17.69,Pending
ORD-10023,2026-01-03 19:35,ROSE-05,142.5,19.1,12.54,Completed
ORD-10024,2026-01-03 20:08,CITRUS-08,197.27,25.07,12.95,Completed
ORD-10025,2026-01-03 22:55,PERF-01,427.05,28.0,34.13,Refunded
ORD-10026,2026-01-03 23:04,VANILLA-09,303.76,26.2,34.62,Cancelled
ORD-10027,2026-01-03 23:15,JASMINE-07,237.23,11.87,19.8,Cancelled
ORD-10028,2026-01-03 23:39,ROSE-05,250.14,24.77,29.6,Completed
ORD-10029,2026-01-04 00:45,ORIENT-10,707.08,15.27,72.25,Cancelled
ORD-10030,2026-01-04 03:03,VANILLA-09,148.26,33.31,10.42,Completed
ORD-10031,2026-01-04 05:11,ORIENT-10,376.83,14.52,29.22,Completed
ORD-10032,2026-01-04 07:14,OUD-02,412.63,33.58,31.09,Completed
ORD-10033,2026-01-04 07:53,PERF-01,425.43,25.23,35.63,Completed
ORD-10034,2026-01-04 11:12,CITRUS-08,136.32,22.52,12.25,Pending
ORD-10035,2026-01-04 12:19,OUD-02,325.89,12.5,19.36,Completed
ORD-10036,2026-01-04 13:21,CITRUS-08,251.53,16.32,26.82,Cancelled
ORD-10037,2026-01-04 14:56,PERF-01,270.88,17.35,25.1,Completed
ORD-10038,2026-01-04 17:58,FLOR-06,144.87,15.14,15.87,Cancelled
ORD-10039,2026-01-04 20:02,ROSE-05,273.47,33.01,22.61,Completed
ORD-10040,2026-01-04 20:04,CITRUS-08,126.33,26.49,9.88,Refunded
ORD-10041,2026-01-04 20:56,ROSE-05,199.3,22.93,16.12,Completed
ORD-10042,2026-01-05 00:08,FLOR-06,163.59,21.65,13.0,Cancelled
ORD-10043,2026-01-05 00:11,CITRUS-08,148.58,14.61,9.39,Completed
ORD-10044,2026-01-05 01:51,AMBER-04,451.75,16.34,35.74,Cancelled
ORD-10045,2026-01-05 02:17,OUD-02,372.57,11.45,39.1,Completed
ORD-10046,2026-01-05 03:27,CITRUS-08,195.66,14.9,17.89,Completed
ORD-10047,2026-01-05 04:02,FLOR-06,231.46,10.47,19.5,Cancelled
ORD-10048,2026-01-05 08:47,ROSE-05,190.94,34.07,16.91,Refunded
ORD-10049,2026-01-05 09:24,VANILLA-09,295.16,11.2,32.69,Refunded
ORD-10050,2026-01-05 10:07,ROSE-05,97.7,20.25,11.47,Completed
ORD-10051,2026-01-05 11:52,AMBER-04,323.34,11.57,25.29,Refunded
ORD-10052,2026-01-05 13:47,AMBER-04,312.87,30.39,25.67,Completed
ORD-10053,2026-01-05 14:20,OUD-02,453.9,20.88,50.53,Refunded
ORD-10054,2026-01-05 15:09,OUD-02,701.49,15.38,65.74,Completed
ORD-10055,2026-01-05 15:28,OUD-02,435.6,19.1,34.5,Completed
ORD-10056,2026-01-05 16:02,FLOR-06,186.84,27.4,12.33,Pending
ORD-10057,2026-01-05 17:54,VANILLA-09,285.67,12.56,26.73,Completed
ORD-10058,2026-01-05 20:00,ROSE-05,96.21,15.15,11.21,Completed
ORD-10059,2026-01-05 23:16,JASMINE-07,252.87,30.28,17.54,Completed
ORD-10060,2026-01-05 23:33,PERF-01,246.49,13.96,21.73,Completed
ORD-10061,2026-01-06 02:39,JASMINE-07,101.57,12.14,6.64,Completed
ORD-10062,2026-01-06 04:59,MUSK-03,241.18,20.35,22.57,Pending
ORD-10063,2026-01-06 06:28,JASMINE-07,291.96,11.1,16.23,Cancelled
ORD-10064,2026-01-06 08:31,VANILLA-09,281.11,16.18,20.46,Pending
ORD-10065,2026-01-06 14:53,OUD-02,661.06,32.29,54.75,Pending
ORD-10066,2026-01-06 15:50,AMBER-04,423.74,31.55,48.69,Cancelled
ORD-10067,2026-01-06 19:04,MUSK-03,158.09,15.44,9.25,Completed
ORD-10068,2026-01-06 19:16,OUD-02,777.61,10.49,85.47,Completed
ORD-10069,2026-01-06 21:51,CITRUS-08,104.0,14.16,6.75,Completed
ORD-10070,2026-01-07 01:09,FLOR-06,282.87,15.05,32.71,Pending
ORD-10071,2026-01-07 04:40,FLOR-06,258.13,21.63,17.31,Pending
ORD-10072,2026-01-07 05:10,OUD-02,762.86,18.8,71.38,Completed
ORD-10073,2026-01-07 06:25,VANILLA-09,241.64,29.15,17.13,Completed
ORD-10074,2026-01-07 06:29,ORIENT-10,382.24,34.82,40.47,Cancelled
ORD-10075,2026-01-07 07:15,PERF-01,455.53,34.89,24.14,Completed
ORD-10076,2026-01-07 17:48,MUSK-03,250.95,13.95,14.4,Completed
ORD-10077,2026-01-07 19:20,FLOR-06,262.96,34.21,18.96,Completed
ORD-10078,2026-01-07 19:37,VANILLA-09,244.61,17.65,24.2,Cancelled
ORD-10079,2026-01-07 22:10,VANILLA-09,131.03,25.89,11.91,Completed
ORD-10080,2026-01-07 22:20,ORIENT-10,502.07,10.47,31.92,Completed
ORD-10081,2026-01-08 01:01,JASMINE-07,222.61,22.09,14.2,Completed
ORD-10082,2026-01-08 01:41,VANILLA-09,186.49,25.07,10.41,Completed
ORD-10083,2026-01-08 02:39,MUSK-03,240.81,33.91,24.28,Completed
ORD-10084,2026-01-08 18:50,PERF-01,275.73,16.13,18.42,Completed
ORD-10085,2026-01-08 20:05,OUD-02,452.13,12.45,22.97,Refunded
ORD-10086,2026-01-09 05:01,ROSE-05,131.04,32.79,8.56,Cancelled
ORD-10087,2026-01-09 06:32,CITRUS-08,197.07,26.76,23.32,Completed
ORD-10088,2026-01-09 08:47,CITRUS-08,131.73,13.45,7.09,Cancelled
ORD-10089,2026-01-09 09:34,CITRUS-08,302.5,33.1,32.49,Completed
ORD-10090,2026-01-09 12:38,VANILLA-09,296.06,28.51,25.98,Pending
ORD-10091,2026-01-09 14:17,PERF-01,388.66,17.74,28.27,Cancelled
ORD-10092,2026-01-09 15:13,CITRUS-08,128.55,12.1,14.51,Completed
ORD-10093,2026-01-09 15:54,MUSK-03,96.77,11.14,10.58,Completed
ORD-10094,2026-01-09 16:22,JASMINE-07,175.82,19.2,11.44,Pending
ORD-10095,2026-01-09 16:56,VANILLA-09,210.68,17.19,12.61,Refunded
ORD-10096,2026-01-09 19:05,PERF-01,469.18,14.76,38.72,Completed
ORD-10097,2026-01-09 20:11,MUSK-03,112.75,33.75,6.03,Completed
ORD-10098,2026-01-09 20:28,MUSK-03,303.29,16.76,18.05,Cancelled
ORD-10099,2026-01-09 20:44,CITRUS-08,123.92,27.69,13.31,Completed
ORD-10100,2026-01-09 22:46,PERF-01,355.37,23.66,38.57,Pending
ORD-10101,2026-01-10 09:14,AMBER-04,444.27,20.28,36.19,Completed
ORD-10102,2026-01-10 10:13,AMBER-04,419.35,28.76,25.64,Pending
ORD-10103,2026-01-10 13:37,PERF-01,342.3,20.7,18.76,Refunded
ORD-10104,2026-01-10 15:57,OUD-02,700.3,14.77,74.12,Cancelled
ORD-10105,2026-01-10 18:14,OUD-02,524.12,34.42,26.62,Completed
ORD-10106,2026-01-10 20:30,OUD-02,419.98,13.08,38.68,Refunded
ORD-10107,2026-01-10 22:54,CITRUS-08,128.67,12.23,12.61,Completed
ORD-10108,2026-01-10 22:57,JASMINE-07,179.27,25.96,14.75,Completed
ORD-10109,2026-01-11 00:17,FLOR-06,208.66,27.87,11.06,Completed
ORD-10110,2026-01-11 01:44,VANILLA-09,206.69,20.14,21.71,Pending
ORD-10111,2026-01-11 03:45,PERF-01,223.83,27.3,25.33,Completed
ORD-10112,2026-01-11 04:01,CITRUS-08,198.52,23.42,13.89,Refunded
ORD-10113,2026-01-11 05:14,AMBER-04,289.31,25.63,21.41,Completed
ORD-10114,2026-01-11 07:04,PERF-01,447.73,28.06,28.2,Refunded
ORD-10115,2026-01-11 07:44,VANILLA-09,162.41,24.7,8.85,Completed
ORD-10116,2026-01-11 11:28,FLOR-06,197.72,31.47,18.49,Refunded
ORD-10117,2026-01-11 13:44,CITRUS-08,209.76,19.18,21.18,Completed
ORD-10118,2026-01-11 18:47,OUD-02,690.39,20.4,81.71,Completed
ORD-10119,2026-01-11 19:16,ROSE-05,245.52,18.83,29.23,Completed
ORD-10120,2026-01-11 22:49,PERF-01,290.75,18.13,18.32,Completed
ORD-10121,2026-01-11 23:55,CITRUS-08,236.57,16.6,15.24,Completed
ORD-10122,2026-01-12 03:30,CITRUS-08,263.35,10.68,23.35,Pending
ORD-10123,2026-01-12 03:55,PERF-01,235.56,19.66,14.82,Refunded
ORD-10124,2026-01-12 04:32,ROSE-05,211.81,34.3,12.24,Cancelled
ORD-10125,2026-01-12 08:37,OUD-02,564.9,34.59,29.6,Cancelled
ORD-10126,2026-01-12 09:38,AMBER-04,272.89,16.65,27.48,Cancelled
ORD-10127,2026-01-12 11:18,OUD-02,674.54,29.47,53.12,Completed
ORD-10128,2026-01-12 11:37,PERF-01,257.7,18.85,24.57,Refunded
ORD-10129,2026-01-12 13:34,FLOR-06,203.04,22.8,22.38,Completed
ORD-10130,2026-01-12 13:51,JASMINE-07,223.05,32.03,26.31,Completed
ORD-10131,2026-01-12 15:49,VANILLA-09,306.93,24.7,27.27,Completed
ORD-10132,2026-01-12 18:33,PERF-01,442.0,23.19,32.96,Completed
ORD-10133,2026-01-12 18:52,CITRUS-08,229.39,17.77,23.09,Completed
ORD-10134,2026-01-12 22:39,OUD-02,635.48,24.41,73.42,Completed
ORD-10135,2026-01-13 06:35,AMBER-04,369.04,20.71,41.2,Pending
ORD-10136,2026-01-13 06:41,CITRUS-08,158.56,19.89,11.46,Completed
ORD-10137,2026-01-13 11:46,JASMINE-07,206.94,10.19,12.38,Completed
ORD-10138,2026-01-13 14:26,VANILLA-09,169.84,16.95,13.17,Refunded
ORD-10139,2026-01-13 16:06,CITRUS-08,102.96,22.24,7.42,Completed
ORD-10140,2026-01-13 16:19,FLOR-06,219.47,25.29,23.77,Cancelled
ORD-10141,2026-01-13 18:14,VANILLA-09,237.11,25.69,26.68,Completed
ORD-10142,2026-01-13 19:08,FLOR-06,306.72,10.53,29.77,Cancelled
ORD-10143,2026-01-13 21:25,FLOR-06,179.33,30.01,20.73,Completed
ORD-10144,2026-01-13 23:06,PERF-01,403.52,28.1,21.87,Completed
ORD-10145,2026-01-14 00:32,ROSE-05,128.18,13.87,13.11,Completed
ORD-10146,2026-01-14 03:22,ORIENT-10,715.65,24.86,41.1,Completed
ORD-10147,2026-01-14 09:52,ROSE-05,120.51,32.35,13.56,Refunded
ORD-10148,2026-01-14 11:05,ORIENT-10,361.15,14.48,19.02,Cancelled
ORD-10149,2026-01-14 13:26,CITRUS-08,240.05,17.5,28.29,Completed
ORD-10150,2026-01-14 16:54,ROSE-05,194.22,16.64,19.48,Completed
ORD-10151,2026-01-14 19:50,CITRUS-08,285.13,31.24,16.69,Refunded
ORD-10152,2026-01-14 20:00,FLOR-06,277.36,19.52,30.6,Completed
ORD-10153,2026-01-14 20:10,CITRUS-08,300.78,25.6,21.74,Cancelled
ORD-10154,2026-01-14 21:47,OUD-02,335.81,32.31,34.87,Cancelled
ORD-10155,2026-01-14 22:29,FLOR-06,300.27,11.04,15.16,Refunded
ORD-10156,2026-01-14 23:29,MUSK-03,266.42,29.98,24.01,Cancelled
ORD-10157,2026-01-14 23:31,VANILLA-09,142.86,18.97,10.92,Refunded
ORD-10158,2026-01-14 23:43,AMBER-04,393.21,12.9,44.4,Completed
ORD-10159,2026-01-15 00:56,FLOR-06,122.88,10.75,12.2,Completed
ORD-10160,2026-01-15 05:18,MUSK-03,131.02,22.64,11.94,Completed
ORD-10161,2026-01-15 05:38,CITRUS-08,152.15,29.4,8.14,Completed
ORD-10162,2026-01-15 08:00,JASMINE-07,297.16,10.51,27.52,Completed
ORD-10163,2026-01-15 09:09,JASMINE-07,298.44,30.17,29.95,Completed
ORD-10164,2026-01-15 09:44,JASMINE-07,128.45,28.13,8.77,Completed
ORD-10165,2026-01-15 11:09,FLOR-06,132.78,23.75,7.93,Cancelled
ORD-10166,2026-01-15 12:47,FLOR-06,264.26,34.07,29.17,Refunded
ORD-10167,2026-01-15 18:52,ROSE-05,231.84,19.52,18.98,Completed
ORD-10168,2026-01-15 19:29,VANILLA-09,234.3,23.21,17.29,Cancelled
ORD-10169,2026-01-15 19:29,PERF-01,338.63,10.96,22.79,Completed
ORD-10170,2026-01-15 21:03,ROSE-05,301.01,16.05,30.16,Completed
ORD-10171,2026-01-15 22:35,ORIENT-10,559.02,20.84,41.12,Pending
ORD-10172,2026-01-16 00:24,ORIENT-10,590.99,30.12,59.39,Completed
ORD-10173,2026-01-16 02:07,PERF-01,304.52,27.06,21.0,Pending
ORD-10174,2026-01-16 07:31,FLOR-06,249.95,25.62,21.7,Completed
ORD-10175,2026-01-16 14:42,AMBER-04,394.28,28.9,29.16,Completed
ORD-10176,2026-01-16 15:54,OUD-02,444.27,16.57,35.28,Completed
ORD-10177,2026-01-16 16:04,ROSE-05,150.07,10.35,16.61,Cancelled
ORD-10178,2026-01-16 16:33,AMBER-04,276.2,27.32,19.89,Completed
ORD-10179,2026-01-17 00:30,VANILLA-09,217.55,17.76,19.71,Pending
ORD-10180,2026-01-17 04:20,JASMINE-07,137.32,21.08,7.7,Completed
ORD-10181,2026-01-17 07:40,FLOR-06,299.38,12.56,21.7,Completed
ORD-10182,2026-01-17 07:57,ROSE-05,228.91,23.67,15.74,Pending
ORD-10183,2026-01-17 09:00,MUSK-03,160.06,17.97,14.53,Pending
ORD-10184,2026-01-17 11:44,JASMINE-07,239.08,13.13,28.47,Refunded
ORD-10185,2026-01-17 12:12,MUSK-03,180.99,18.58,16.82,Completed
ORD-10186,2026-01-17 13:18,FLOR-06,252.7,15.98,19.28,Completed
ORD-10187,2026-01-17 14:02,PERF-01,477.49,13.57,29.51,Refunded
ORD-10188,2026-01-17 14:11,VANILLA-09,101.35,17.87,6.09,Completed
ORD-10189,2026-01-17 22:15,ROSE-05,302.25,34.01,26.28,Cancelled
ORD-10190,2026-01-17 23:38,AMBER-04,227.66,10.47,16.52,Completed
ORD-10191,2026-01-17 23:59,OUD-02,413.75,24.13,28.37,Completed
ORD-10192,2026-01-18 01:14,VANILLA-09,159.94,28.37,17.23,Completed
ORD-10193,2026-01-18 01:19,JASMINE-07,178.77,14.64,16.41,Completed
ORD-10194,2026-01-18 01:40,AMBER-04,436.54,15.64,31.26,Completed
ORD-10195,2026-01-18 03:35,JASMINE-07,196.99,23.91,19.71,Completed
ORD-10196,2026-01-18 04:53,CITRUS-08,269.03,11.21,26.86,Completed
ORD-10197,2026-01-18 08:02,PERF-01,314.01,23.48,33.71,Completed
ORD-10198,2026-01-18 13:49,PERF-01,367.28,14.28,28.27,Completed
ORD-10199,2026-01-18 20:20,PERF-01,315.68,10.19,32.22,Refunded
ORD-10200,2026-01-19 00:12,VANILLA-09,274.64,23.7,16.2,Completed
ORD-10201,2026-01-19 00:19,OUD-02,424.58,22.47,49.33,Completed
ORD-10202,2026-01-19 04:12,FLOR-06,132.56,21.6,15.9,Cancelled
ORD-10203,2026-01-19 06:17,ROSE-05,305.16,10.89,22.41,Completed
ORD-10204,2026-01-19 07:18,CITRUS-08,247.85,31.95,14.63,Pending
ORD-10205,2026-01-19 10:12,MUSK-03,288.27,17.38,20.18,Completed
ORD-10206,2026-01-19 10:44,CITRUS-08,105.11,12.28,10.05,Completed
ORD-10207,2026-01-19 18:51,ROSE-05,111.69,11.14,12.42,Completed
ORD-10208,2026-01-19 20:28,VANILLA-09,149.19,12.99,10.08,Refunded
ORD-10209,2026-01-19 20:30,CITRUS-08,174.0,18.99,14.77,Cancelled
ORD-10210,2026-01-19 21:06,PERF-01,263.4,18.77,16.06,Completed
ORD-10211,2026-01-19 22:04,MUSK-03,289.25,33.7,18.03,Refunded
ORD-10212,2026-01-20 02:12,PERF-01,298.8,30.01,25.92,Completed
ORD-10213,2026-01-20 04:05,VANILLA-09,107.07,34.93,6.57,Completed
ORD-10214,2026-01-20 07:43,AMBER-04,471.32,17.85,26.17,Completed
ORD-10215,2026-01-20 14:36,FLOR-06,171.2,22.54,14.72,Completed
ORD-10216,2026-01-20 16:01,VANILLA-09,97.44,34.61,6.25,Refunded
ORD-10217,2026-01-20 16:55,JASMINE-07,295.67,20.05,20.02,Completed
ORD-10218,2026-01-20 20:45,PERF-01,306.07,26.16,25.4,Completed
ORD-10219,2026-01-21 00:52,ORIENT-10,629.65,27.64,35.2,Completed
ORD-10220,2026-01-21 05:17,AMBER-04,508.52,15.81,47.66,Completed
ORD-10221,2026-01-21 06:50,PERF-01,457.87,18.51,48.86,Refunded
ORD-10222,2026-01-21 08:34,JASMINE-07,204.23,23.16,17.56,Cancelled
ORD-10223,2026-01-21 09:22,AMBER-04,270.49,13.18,21.71,Completed
ORD-10224,2026-01-21 12:15,ROSE-05,119.94,10.44,10.44,Cancelled
ORD-10225,2026-01-21 12:26,MUSK-03,169.45,21.9,18.38,Completed
ORD-10226,2026-01-21 17:05,ROSE-05,248.2,29.0,19.42,Cancelled
ORD-10227,2026-01-21 17:25,MUSK-03,97.72,20.72,9.27,Completed
ORD-10228,2026-01-21 18:59,VANILLA-09,181.58,25.91,19.58,Completed
ORD-10229,2026-01-21 20:22,VANILLA-09,113.17,19.12,9.62,Completed
ORD-10230,2026-01-21 22:25,PERF-01,297.76,14.22,24.8,Completed
ORD-10231,2026-01-21 23:04,JASMINE-07,229.06,27.36,12.26,Cancelled
ORD-10232,2026-01-21 23:32,VANILLA-09,285.47,27.3,18.37,Cancelled
ORD-10233,2026-01-22 00:45,JASMINE-07,304.24,14.26,15.25,Completed
ORD-10234,2026-01-22 01:55,ORIENT-10,461.09,11.12,35.75,Pending
ORD-10235,2026-01-22 02:01,ROSE-05,165.14,20.75,17.47,Refunded
ORD-10236,2026-01-22 02:20,OUD-02,709.89,29.41,49.07,Cancelled
ORD-10237,2026-01-22 04:38,PERF-01,243.37,14.41,24.24,Cancelled
ORD-10238,2026-01-22 05:39,VANILLA-09,287.34,13.44,27.67,Completed
ORD-10239,2026-01-22 08:46,FLOR-06,260.17,27.98,24.81,Refunded
ORD-10240,2026-01-22 09:45,PERF-01,488.98,11.96,30.79,Completed
ORD-10241,2026-01-22 15:07,AMBER-04,414.95,20.66,40.02,Refunded
ORD-10242,2026-01-22 15:10,PERF-01,391.41,20.4,24.31,Completed
ORD-10243,2026-01-22 21:01,JASMINE-07,132.77,22.51,14.44,Cancelled
ORD-10244,2026-01-22 21:32,PERF-01,369.6,10.3,36.32,Completed
ORD-10245,2026-01-22 22:52,PERF-01,380.09,24.68,38.13,Pending
ORD-10246,2026-01-23 03:52,PERF-01,224.98,23.53,17.83,Completed
ORD-10247,2026-01-23 05:25,PERF-01,247.27,26.33,16.22,Completed
ORD-10248,2026-01-23 06:23,FLOR-06,297.15,28.25,18.04,Completed
ORD-10249,2026-01-23 09:09,ROSE-05,104.87,32.8,8.37,Refunded
ORD-10250,2026-01-23 09:09,FLOR-06,100.66,17.63,10.56,Completed
ORD-10251,2026-01-23 15:41,OUD-02,571.78,10.85,54.49,Completed
ORD-10252,2026-01-23 21:19,MUSK-03,202.28,12.08,12.19,Completed
ORD-10253,2026-01-23 21:20,OUD-02,674.91,15.36,51.44,Completed
ORD-10254,2026-01-23 23:08,MUSK-03,226.72,31.88,19.89,Completed
ORD-10255,2026-01-23 23:26,ORIENT-10,587.99,10.68,62.53,Completed
ORD-10256,2026-01-24 00:10,PERF-01,289.41,17.34,25.55,Completed
ORD-10257,2026-01-24 02:25,MUSK-03,290.76,19.6,29.35,Completed
ORD-10258,2026-01-24 02:49,OUD-02,687.82,19.32,36.44,Cancelled
ORD-10259,2026-01-24 05:37,JASMINE-07,237.46,29.37,14.92,Completed
ORD-10260,2026-01-24 05:55,FLOR-06,216.72,17.78,16.28,Completed
ORD-10261,2026-01-24 09:51,AMBER-04,418.49,22.36,31.83,Pending
ORD-10262,2026-01-24 12:34,PERF-01,224.54,19.65,12.63,Refunded
ORD-10263,2026-01-24 16:10,ORIENT-10,428.47,10.62,36.36,Cancelled
ORD-10264,2026-01-24 22:13,MUSK-03,151.13,26.22,11.48,Completed
ORD-10265,2026-01-24 23:57,OUD-02,444.72,15.68,22.47,Completed
ORD-10266,2026-01-25 04:49,MUSK-03,166.24,21.9,14.34,Completed
ORD-10267,2026-01-25 10:21,ORIENT-10,368.29,18.22,31.57,Cancelled
ORD-10268,2026-01-25 12:38,JASMINE-07,261.43,12.54,25.9,Pending
ORD-10269,2026-01-25 19:32,FLOR-06,270.24,13.4,21.55,Completed
ORD-10270,2026-01-25 22:57,JASMINE-07,302.57,11.43,20.11,Completed
ORD-10271,2026-01-25 23:21,JASMINE-07,105.55,23.2,9.46,Completed
ORD-10272,2026-01-26 02:24,FLOR-06,174.63,31.63,10.98,Cancelled
ORD-10273,2026-01-26 09:48,PERF-01,413.5,19.97,26.94,Completed
ORD-10274,2026-01-26 11:37,PERF-01,421.46,13.49,22.05,Pending
ORD-10275,2026-01-26 17:31,MUSK-03,248.66,12.52,28.16,Pending
ORD-10276,2026-01-26 23:06,VANILLA-09,210.3,33.41,11.22,Cancelled
ORD-10277,2026-01-26 23:09,FLOR-06,279.11,16.21,32.27,Completed
ORD-10278,2026-01-26 23:27,VANILLA-09,243.98,13.2,15.07,Refunded
ORD-10279,2026-01-27 00:45,PERF-01,409.36,12.9,32.61,Completed
ORD-10280,2026-01-27 01:24,CITRUS-08,107.66,19.55,8.69,Completed
ORD-10281,2026-01-27 02:11,ROSE-05,253.91,19.96,21.17,Completed
ORD-10282,2026-01-27 02:42,OUD-02,612.14,13.92,65.26,Cancelled
ORD-10283,2026-01-27 02:53,PERF-01,229.93,26.39,21.11,Completed
ORD-10284,2026-01-27 05:18,AMBER-04,290.64,19.15,23.03,Pending
ORD-10285,2026-01-27 10:28,VANILLA-09,217.03,12.48,18.63,Completed
ORD-10286,2026-01-27 13:15,OUD-02,414.75,28.97,28.59,Completed
ORD-10287,2026-01-27 19:14,CITRUS-08,231.56,10.85,16.53,Completed
ORD-10288,2026-01-27 21:14,ORIENT-10,609.88,11.97,60.06,Pending
ORD-10289,2026-01-27 23:10,FLOR-06,129.17,17.37,8.51,Refunded
ORD-10290,2026-01-28 00:48,CITRUS-08,306.54,28.77,36.67,Completed
ORD-10291,2026-01-28 05:19,AMBER-04,280.83,14.36,19.85,Completed
ORD-10292,2026-01-28 06:38,AMBER-04,429.13,27.47,42.0,Cancelled
ORD-10293,2026-01-28 07:42,MUSK-03,260.73,13.67,20.63,Cancelled
ORD-10294,2026-01-28 09:32,FLOR-06,200.24,19.18,17.25,Completed
ORD-10295,2026-01-28 11:17,ROSE-05,156.11,26.71,13.61,Completed
ORD-10296,2026-01-28 12:29,ORIENT-10,721.74,11.41,54.99,Pending
ORD-10297,2026-01-28 15:16,ORIENT-10,501.28,33.71,25.44,Completed
ORD-10298,2026-01-28 17:06,MUSK-03,271.0,18.41,29.43,Completed
ORD-10299,2026-01-28 21:24,FLOR-06,157.51,30.69,15.28,Pending
ORD-10300,2026-01-29 02:10,CITRUS-08,105.21,29.79,8.57,Completed
ORD-10301,2026-01-29 04:04,JASMINE-07,253.77,31.73,16.38,Cancelled
ORD-10302,2026-01-29 04:08,OUD-02,610.17,16.9,68.5,Completed
ORD-10303,2026-01-29 08:07,FLOR-06,107.39,27.88,11.97,Completed
ORD-10304,2026-01-29 12:37,ORIENT-10,372.8,20.31,28.39,Completed
ORD-10305,2026-01-29 14:09,VANILLA-09,117.58,28.51,10.81,Pending
ORD-10306,2026-01-29 17:03,MUSK-03,161.22,18.6,11.15,Pending
ORD-10307,2026-01-29 19:55,JASMINE-07,163.56,32.57,14.39,Completed
ORD-10308,2026-01-29 23:51,OUD-02,463.89,21.56,40.6,Cancelled
ORD-10309,2026-01-30 01:05,ORIENT-10,538.02,21.35,39.53,Completed
ORD-10310,2026-01-30 03:27,VANILLA-09,206.32,11.63,19.96,Pending
ORD-10311,2026-01-30 03:36,VANILLA-09,175.61,30.87,10.93,Pending
ORD-10312,2026-01-30 05:47,MUSK-03,308.08,31.91,20.73,Cancelled
ORD-10313,2026-01-30 06:32,OUD-02,384.9,16.83,23.56,Completed
ORD-10314,2026-01-30 07:49,VANILLA-09,107.5,24.06,6.69,Refunded
ORD-10315,2026-01-30 08:16,PERF-01,347.43,13.16,27.47,Completed
ORD-10316,2026-01-30 10:39,ROSE-05,112.46,14.67,11.88,Completed
ORD-10317,2026-01-30 11:31,VANILLA-09,215.89,30.6,11.9,Completed
ORD-10318,2026-01-30 14:21,PERF-01,360.51,15.8,28.95,Cancelled
ORD-10319,2026-01-30 17:12,CITRUS-08,111.26,34.31,7.08,Completed
ORD-10320,2026-01-30 19:12,OUD-02,438.88,26.95,34.67,Completed
ORD-10321,2026-01-30 22:40,ORIENT-10,349.52,25.81,19.97,Completed
ORD-10322,2026-01-30 23:20,CITRUS-08,296.05,23.98,24.79,Completed
ORD-10323,2026-01-31 00:20,AMBER-04,469.0,33.91,50.69,Completed
ORD-10324,2026-01-31 02:05,ORIENT-10,371.51,15.42,21.26,Refunded
ORD-10325,2026-01-31 03:03,OUD-02,380.52,16.02,36.07,Cancelled
ORD-10326,2026-01-31 04:29,VANILLA-09,262.58,31.04,21.79,Completed
ORD-10327,2026-01-31 04:57,PERF-01,445.01,19.55,25.35,Completed
ORD-10328,2026-01-31 05:21,OUD-02,721.23,16.17,82.39,Pending
ORD-10329,2026-01-31 11:43,JASMINE-07,297.89,12.62,20.53,Cancelled
ORD-10330,2026-01-31 12:39,JASMINE-07,114.67,27.48,7.98,Refunded
ORD-10331,2026-01-31 13:42,PERF-01,498.94,32.76,51.7,Completed
ORD-10332,2026-01-31 13:56,CITRUS-08,225.56,26.37,20.99,Completed
ORD-10333,2026-01-31 16:28,ORIENT-10,419.19,21.57,49.69,Completed
ORD-10334,2026-01-31 16:49,ROSE-05,159.21,34.28,15.78,Cancelled
ORD-10335,2026-01-31 19:25,AMBER-04,439.46,30.18,48.22,Completed
ORD-10336,2026-01-31 19:49,PERF-01,417.36,10.29,49.44,Completed
ORD-10337,2026-01-31 20:50,FLOR-06,172.42,11.95,15.4,Cancelled
ORD-10338,2026-01-31 22:14,ROSE-05,267.04,22.72,24.04,Refunded
ORD-10339,2026-02-01 00:32,OUD-02,374.56,24.38,31.81,Pending
ORD-10340,2026-02-01 01:04,FLOR-06,196.36,14.29,20.01,Refunded
ORD-10341,2026-02-01 03:05,JASMINE-07,194.13,12.65,15.46,Completed
ORD-10342,2026-02-01 03:29,ROSE-05,198.19,19.29,19.56,Completed
ORD-10343,2026-02-01 10:28,AMBER-04,248.33,34.1,12.55,Refunded
ORD-10344,2026-02-01 11:42,PERF-01,314.35,15.51,21.5,Completed
ORD-10345,2026-02-01 13:18,JASMINE-07,203.85,18.29,23.14,Refunded
ORD-10346,2026-02-01 13:21,ROSE-05,241.06,16.4,24.82,Completed
ORD-10347,2026-02-01 13:27,CITRUS-08,132.15,19.72,7.99,Completed
ORD-10348,2026-02-01 15:44,OUD-02,548.88,21.66,51.21,Completed
ORD-10349,2026-02-01 17:10,CITRUS-08,168.26,17.82,8.91,Cancelled
ORD-10350,2026-02-02 00:26,OUD-02,501.55,20.37,54.52,Completed
ORD-10351,2026-02-02 07:10,AMBER-04,498.31,21.35,27.25,Pending
ORD-10352,2026-02-02 08:42,ORIENT-10,442.86,25.16,23.54,Completed
ORD-10353,2026-02-02 09:22,VANILLA-09,151.21,11.04,13.83,Cancelled
ORD-10354,2026-02-02 10:41,ROSE-05,255.25,16.95,18.65,Completed
ORD-10355,2026-02-02 11:05,ORIENT-10,685.41,10.92,38.72,Completed
ORD-10356,2026-02-02 13:09,VANILLA-09,179.84,25.41,12.8,Pending
ORD-10357,2026-02-02 15:15,OUD-02,669.98,32.22,57.47,Refunded
ORD-10358,2026-02-02 16:46,ORIENT-10,362.86,29.77,41.02,Completed
ORD-10359,2026-02-02 17:00,CITRUS-08,122.5,15.22,9.33,Completed
ORD-10360,2026-02-02 17:28,JASMINE-07,154.97,26.15,9.58,Completed
ORD-10361,2026-02-02 18:17,VANILLA-09,159.06,20.35,18.91,Refunded
ORD-10362,2026-02-02 21:01,VANILLA-09,297.66,12.08,29.09,Completed
ORD-10363,2026-02-02 21:40,AMBER-04,240.89,32.32,16.45,Completed
ORD-10364,2026-02-02 23:54,ORIENT-10,505.88,33.68,51.46,Completed
ORD-10365,2026-02-03 03:36,OUD-02,338.7,28.23,23.59,Completed
ORD-10366,2026-02-03 10:08,AMBER-04,321.48,28.69,17.53,Completed
ORD-10367,2026-02-03 11:53,FLOR-06,200.41,20.28,10.18,Completed
ORD-10368,2026-02-03 13:44,OUD-02,767.2,25.76,50.31,Completed
ORD-10369,2026-02-03 18:12,AMBER-04,252.03,19.6,14.28,Completed
ORD-10370,2026-02-03 23:26,MUSK-03,116.42,20.59,9.72,Completed
ORD-10371,2026-02-03 23:27,OUD-02,596.5,32.53,43.17,Cancelled
ORD-10372,2026-02-03 23:51,CITRUS-08,181.31,30.09,10.48,Completed
ORD-10373,2026-02-04 05:43,CITRUS-08,221.16,10.73,26.17,Cancelled
ORD-10374,2026-02-04 07:29,PERF-01,227.67,21.9,22.27,Completed
ORD-10375,2026-02-04 07:38,ORIENT-10,719.98,14.16,62.73,Pending
ORD-10376,2026-02-04 14:03,JASMINE-07,253.13,29.81,26.52,Completed
ORD-10377,2026-02-04 15:52,FLOR-06,185.81,28.9,21.25,Completed
ORD-10378,2026-02-04 16:21,AMBER-04,423.98,33.52,25.0,Completed
ORD-10379,2026-02-04 21:29,JASMINE-07,302.94,31.44,15.36,Pending
ORD-10380,2026-02-04 21:33,ROSE-05,232.85,14.77,25.41,Refunded
ORD-10381,2026-02-04 21:53,ROSE-05,290.48,17.15,22.4,Refunded
ORD-10382,2026-02-04 22:41,FLOR-06,286.91,23.77,20.84,Cancelled
ORD-10383,2026-02-04 23:15,JASMINE-07,195.19,25.08,21.56,Completed
ORD-10384,2026-02-05 00:56,AMBER-04,438.56,17.72,46.01,Completed
ORD-10385,2026-02-05 01:58,MUSK-03,246.81,34.75,18.98,Completed
ORD-10386,2026-02-05 05:20,VANILLA-09,228.89,28.68,15.59,Completed
ORD-10387,2026-02-05 10:08,FLOR-06,191.64,14.46,11.86,Cancelled
ORD-10388,2026-02-05 14:18,MUSK-03,158.2,22.32,9.73,Completed
ORD-10389,2026-02-05 15:32,PERF-01,398.35,23.9,31.25,Pending
ORD-10390,2026-02-05 15:42,ROSE-05,193.46,14.29,18.9,Completed
ORD-10391,2026-02-05 18:38,AMBER-04,395.97,23.87,32.47,Cancelled
ORD-10392,2026-02-05 20:28,JASMINE-07,270.35,32.82,17.77,Completed
ORD-10393,2026-02-05 20:31,FLOR-06,207.22,18.84,16.7,Cancelled
ORD-10394,2026-02-05 20:41,ROSE-05,124.98,22.55,12.42,Completed
ORD-10395,2026-02-05 23:48,ORIENT-10,692.25,21.34,46.46,Pending
ORD-10396,2026-02-06 02:24,FLOR-06,233.72,30.11,27.1,Refunded
ORD-10397,2026-02-06 03:38,AMBER-04,477.66,28.99,33.58,Completed
ORD-10398,2026-02-06 06:31,ORIENT-10,517.52,28.52,26.83,Completed
ORD-10399,2026-02-06 09:21,ORIENT-10,757.3,17.17,39.6,Pending
ORD-10400,2026-02-06 09:49,AMBER-04,281.12,24.48,24.62,Completed
ORD-10401,2026-02-06 10:31,MUSK-03,124.27,18.95,11.8,Completed
ORD-10402,2026-02-06 18:38,VANILLA-09,205.31,22.79,18.48,Pending
ORD-10403,2026-02-06 18:46,OUD-02,488.62,34.82,56.49,Completed
ORD-10404,2026-02-06 20:23,OUD-02,764.27,22.45,60.61,Pending
ORD-10405,2026-02-06 20:39,FLOR-06,286.76,30.41,27.7,Refunded
ORD-10406,2026-02-07 00:07,PERF-01,353.22,13.04,23.28,Completed
ORD-10407,2026-02-07 01:15,AMBER-04,266.31,28.58,25.56,Completed
ORD-10408,2026-02-07 02:15,FLOR-06,305.05,29.29,24.2,Completed
ORD-10409,2026-02-07 02:52,VANILLA-09,149.27,17.0,8.15,Cancelled
ORD-10410,2026-02-07 04:03,OUD-02,745.73,34.49,38.79,Completed
ORD-10411,2026-02-07 05:03,FLOR-06,176.28,34.08,18.19,Completed
ORD-10412,2026-02-07 05:39,JASMINE-07,119.74,30.93,11.41,Completed
ORD-10413,2026-02-07 06:20,ROSE-05,235.62,34.7,25.17,Completed
ORD-10414,2026-02-07 06:37,ROSE-05,291.61,33.81,19.83,Completed
ORD-10415,2026-02-07 06:59,MUSK-03,190.97,15.66,15.18,Cancelled
ORD-10416,2026-02-07 07:01,ORIENT-10,487.66,28.61,49.28,Completed
ORD-10417,2026-02-07 07:02,AMBER-04,342.19,21.92,40.13,Completed
ORD-10418,2026-02-07 08:27,PERF-01,378.86,29.62,26.76,Cancelled
ORD-10419,2026-02-07 08:56,ROSE-05,140.16,25.7,8.12,Refunded
ORD-10420,2026-02-07 09:29,ORIENT-10,731.08,14.48,67.84,Refunded
ORD-10421,2026-02-07 11:27,OUD-02,632.01,33.47,58.32,Cancelled
ORD-10422,2026-02-07 11:36,PERF-01,303.81,28.32,23.26,Cancelled
ORD-10423,2026-02-07 12:46,JASMINE-07,119.17,22.79,9.86,Completed
ORD-10424,2026-02-07 15:48,JASMINE-07,158.65,14.26,9.56,Completed
ORD-10425,2026-02-07 17:31,AMBER-04,512.84,25.75,56.06,Refunded
ORD-10426,2026-02-07 17:43,VANILLA-09,222.43,19.55,12.36,Refunded
ORD-10427,2026-02-07 20:41,ROSE-05,186.45,20.35,10.35,Completed
ORD-10428,2026-02-07 22:41,OUD-02,604.34,20.1,53.85,Completed
ORD-10429,2026-02-08 00:25,ROSE-05,212.6,21.6,22.26,Completed
ORD-10430,2026-02-08 01:59,FLOR-06,136.58,19.92,12.1,Completed
ORD-10431,2026-02-08 02:09,ORIENT-10,355.06,33.16,33.17,Completed
ORD-10432,2026-02-08 09:44,MUSK-03,206.14,14.25,10.67,Refunded
ORD-10433,2026-02-08 10:33,PERF-01,412.89,13.34,40.54,Pending
ORD-10434,2026-02-08 11:00,FLOR-06,199.11,21.18,21.02,Refunded
ORD-10435,2026-02-08 14:29,AMBER-04,471.84,28.39,29.21,Completed
ORD-10436,2026-02-08 17:54,FLOR-06,299.46,15.81,32.35,Completed
ORD-10437,2026-02-08 18:56,ORIENT-10,460.37,30.39,51.3,Completed
ORD-10438,2026-02-08 19:35,OUD-02,733.13,17.64,48.89,Completed
ORD-10439,2026-02-08 20:04,ORIENT-10,748.19,16.82,40.46,Completed
ORD-10440,2026-02-08 22:34,OUD-02,563.43,12.39,58.89,Completed
ORD-10441,2026-02-09 01:17,FLOR-06,160.63,26.7,15.22,Completed
ORD-10442,2026-02-09 02:08,OUD-02,545.38,21.46,60.44,Refunded
ORD-10443,2026-02-09 02:37,OUD-02,400.43,14.76,46.96,Completed
ORD-10444,2026-02-09 04:10,MUSK-03,207.14,33.62,20.39,Completed
ORD-10445,2026-02-09 05:47,ORIENT-10,353.26,10.28,35.99,Cancelled
ORD-10446,2026-02-09 12:02,OUD-02,610.84,27.26,49.49,Completed
ORD-10447,2026-02-09 12:46,ROSE-05,104.05,15.0,5.3,Pending
ORD-10448,2026-02-09 15:28,PERF-01,411.73,12.11,31.33,Refunded
ORD-10449,2026-02-09 18:50,ORIENT-10,550.34,16.64,31.9,Completed
ORD-10450,2026-02-09 21:36,OUD-02,771.91,14.54,79.77,Cancelled
ORD-10451,2026-02-10 01:23,CITRUS-08,189.83,25.9,19.92,Completed
ORD-10452,2026-02-10 07:07,OUD-02,523.16,12.97,49.95,Completed
ORD-10453,2026-02-10 07:42,PERF-01,235.53,12.13,12.75,Cancelled
ORD-10454,2026-02-10 08:44,ROSE-05,195.56,18.14,16.38,Completed
ORD-10455,2026-02-10 13:29,MUSK-03,296.04,29.59,33.76,Completed
ORD-10456,2026-02-10 15:07,CITRUS-08,236.15,19.8,18.86,Completed
ORD-10457,2026-02-10 15:39,MUSK-03,158.39,31.17,10.43,Completed
ORD-10458,2026-02-10 17:35,PERF-01,275.58,28.36,32.85,Completed
ORD-10459,2026-02-10 18:11,CITRUS-08,170.51,29.99,19.1,Completed
ORD-10460,2026-02-10 18:18,ORIENT-10,726.48,12.93,71.71,Cancelled
ORD-10461,2026-02-10 20:50,OUD-02,742.76,10.38,40.38,Pending
ORD-10462,2026-02-10 21:43,AMBER-04,459.7,32.16,32.16,Completed
ORD-10463,2026-02-10 21:58,FLOR-06,217.01,23.7,15.89,Completed
ORD-10464,2026-02-10 23:50,OUD-02,503.44,24.64,42.74,Completed
ORD-10465,2026-02-11 01:45,OUD-02,523.22,11.53,43.58,Refunded
ORD-10466,2026-02-11 02:00,ROSE-05,147.29,13.19,14.82,Completed
ORD-10467,2026-02-11 02:34,OUD-02,548.38,20.01,55.67,Completed
ORD-10468,2026-02-11 07:21,VANILLA-09,267.55,31.67,29.77,Completed
ORD-10469,2026-02-11 11:26,ROSE-05,162.63,34.92,8.94,Completed
ORD-10470,2026-02-11 15:09,PERF-01,440.29,10.73,51.6,Cancelled
ORD-10471,2026-02-11 15:38,FLOR-06,118.94,17.75,10.1,Refunded
ORD-10472,2026-02-11 18:17,FLOR-06,275.36,23.33,20.11,Cancelled
ORD-10473,2026-02-11 18:44,AMBER-04,306.6,20.81,36.24,Completed
ORD-10474,2026-02-11 20:51,ORIENT-10,711.78,15.92,54.47,Completed
ORD-10475,2026-02-11 20:59,ROSE-05,165.73,12.95,11.38,Cancelled
ORD-10476,2026-02-11 22:35,FLOR-06,191.86,22.53,11.69,Completed
ORD-10477,2026-02-12 01:13,PERF-01,502.35,25.01,51.21,Completed
ORD-10478,2026-02-12 01:23,CITRUS-08,123.73,23.01,10.66,Cancelled
ORD-10479,2026-02-12 03:11,ROSE-05,287.3,34.26,20.6,Refunded
ORD-10480,2026-02-12 04:09,ROSE-05,214.12,30.96,18.86,Completed
ORD-10481,2026-02-12 04:48,OUD-02,639.64,19.12,65.67,Completed
ORD-10482,2026-02-12 05:32,OUD-02,777.33,30.09,61.8,Completed
ORD-10483,2026-02-12 08:49,FLOR-06,307.02,25.88,21.91,Pending
ORD-10484,2026-02-12 09:22,CITRUS-08,189.32,29.2,13.16,Completed
ORD-10485,2026-02-12 11:56,ORIENT-10,440.7,26.65,32.85,Completed
ORD-10486,2026-02-12 13:32,JASMINE-07,270.13,16.78,18.93,Pending
ORD-10487,2026-02-12 13:39,VANILLA-09,150.65,33.05,9.46,Completed
ORD-10488,2026-02-12 20:02,AMBER-04,499.24,20.37,30.19,Refunded
ORD-10489,2026-02-13 01:06,CITRUS-08,299.36,32.9,34.21,Pending
ORD-10490,2026-02-13 01:27,JASMINE-07,136.82,32.21,12.16,Refunded
ORD-10491,2026-02-13 02:13,OUD-02,709.06,33.83,57.23,Completed
ORD-10492,2026-02-13 03:04,CITRUS-08,253.14,32.89,22.52,Completed
ORD-10493,2026-02-13 03:38,ROSE-05,126.25,25.67,8.38,Completed
ORD-10494,2026-02-13 12:17,FLOR-06,220.68,26.28,20.72,Cancelled
ORD-10495,2026-02-13 12:33,FLOR-06,202.26,33.51,22.71,Completed
ORD-10496,2026-02-13 13:58,VANILLA-09,244.3,12.41,19.41,Refunded
ORD-10497,2026-02-13 17:35,ORIENT-10,668.26,24.79,73.76,Completed
ORD-10498,2026-02-13 18:04,CITRUS-08,220.99,20.64,18.51,Completed
ORD-10499,2026-02-13 21:12,PERF-01,511.76,15.41,35.16,Refunded
ORD-10500,2026-02-13 21:50,MUSK-03,139.16,22.27,9.25,Completed
ORD-10501,2026-02-13 23:30,PERF-01,279.83,17.79,33.29,Completed
ORD-10502,2026-02-13 23:35,AMBER-04,341.25,22.01,36.21,Refunded
ORD-10503,2026-02-14 02:33,JASMINE-07,286.22,33.72,28.61,Completed
ORD-10504,2026-02-14 03:55,CITRUS-08,279.24,32.98,16.72,Completed
ORD-10505,2026-02-14 04:12,OUD-02,477.42,14.68,45.43,Completed
ORD-10506,2026-02-14 06:46,JASMINE-07,234.88,23.44,12.08,Completed
ORD-10507,2026-02-14 08:24,CITRUS-08,248.62,33.99,29.47,Completed
ORD-10508,2026-02-14 09:49,AMBER-04,225.5,31.93,23.33,Completed
ORD-10509,2026-02-14 20:31,VANILLA-09,228.61,15.14,13.98,Cancelled
ORD-10510,2026-02-15 01:09,VANILLA-09,169.76,29.6,10.12,Completed
ORD-10511,2026-02-15 04:56,ORIENT-10,396.68,23.59,33.28,Completed
ORD-10512,2026-02-15 05:31,ORIENT-10,689.77,21.1,37.56,Completed
ORD-10513,2026-02-15 06:16,ROSE-05,205.58,25.41,18.91,Pending
ORD-10514,2026-02-15 07:02,CITRUS-08,104.23,16.85,12.22,Cancelled
ORD-10515,2026-02-15 07:24,FLOR-06,134.27,28.97,10.17,Completed
ORD-10516,2026-02-15 16:59,ORIENT-10,637.65,32.92,52.78,Pending
ORD-10517,2026-02-15 17:07,PERF-01,237.45,18.83,25.9,Refunded
ORD-10518,2026-02-15 17:16,FLOR-06,136.08,29.0,15.74,Completed
ORD-10519,2026-02-15 18:22,OUD-02,769.56,19.09,89.74,Completed
ORD-10520,2026-02-15 21:53,MUSK-03,188.62,14.74,9.84,Completed
ORD-10521,2026-02-16 00:12,AMBER-04,353.04,33.86,33.48,Completed
ORD-10522,2026-02-16 00:38,ORIENT-10,463.61,13.96,36.5,Completed
ORD-10523,2026-02-16 01:23,CITRUS-08,121.0,22.97,13.07,Refunded
ORD-10524,2026-02-16 01:42,PERF-01,479.65,29.67,44.25,Completed
ORD-10525,2026-02-16 01:46,CITRUS-08,191.25,13.96,13.4,Refunded
ORD-10526,2026-02-16 02:04,JASMINE-07,206.76,30.46,21.05,Completed
ORD-10527,2026-02-16 02:26,PERF-01,419.77,20.73,26.1,Completed
ORD-10528,2026-02-16 02:42,MUSK-03,205.78,31.87,21.91,Cancelled
ORD-10529,2026-02-16 05:01,CITRUS-08,167.83,10.94,10.97,Completed
ORD-10530,2026-02-16 07:04,JASMINE-07,280.35,11.0,23.41,Refunded
ORD-10531,2026-02-16 10:13,MUSK-03,271.43,34.58,25.78,Completed
ORD-10532,2026-02-16 14:30,JASMINE-07,171.47,29.31,17.89,Pending
ORD-10533,2026-02-16 16:03,FLOR-06,149.58,28.87,9.56,Completed
ORD-10534,2026-02-16 18:59,OUD-02,704.44,10.87,41.68,Cancelled
ORD-10535,2026-02-17 00:44,FLOR-06,266.14,34.62,14.16,Completed
ORD-10536,2026-02-17 01:06,ROSE-05,275.38,22.13,15.77,Completed
ORD-10537,2026-02-17 02:03,PERF-01,319.5,10.21,35.45,Completed
ORD-10538,2026-02-17 03:27,CITRUS-08,204.92,30.65,21.84,Pending
ORD-10539,2026-02-17 03:41,AMBER-04,284.65,19.56,25.52,Completed
ORD-10540,2026-02-17 03:44,OUD-02,768.73,19.66,59.83,Cancelled
ORD-10541,2026-02-17 03:47,FLOR-06,222.81,13.12,16.54,Completed
ORD-10542,2026-02-17 03:57,FLOR-06,188.98,23.68,18.89,Completed
ORD-10543,2026-02-17 05:45,MUSK-03,98.13,21.81,5.1,Refunded
ORD-10544,2026-02-17 06:53,ORIENT-10,588.08,25.64,48.3,Completed
ORD-10545,2026-02-17 08:37,ORIENT-10,609.38,11.88,35.66,Completed
ORD-10546,2026-02-17 11:20,PERF-01,419.56,21.77,30.99,Completed
ORD-10547,2026-02-17 11:40,PERF-01,240.22,16.57,21.19,Pending
ORD-10548,2026-02-17 14:27,FLOR-06,140.2,16.29,16.63,Completed
ORD-10549,2026-02-17 17:37,CITRUS-08,203.94,34.91,15.02,Completed
ORD-10550,2026-02-17 19:40,CITRUS-08,238.1,15.45,15.03,Completed
ORD-10551,2026-02-17 19:42,OUD-02,475.12,18.79,50.84,Completed
ORD-10552,2026-02-18 00:27,PERF-01,451.62,33.55,36.34,Completed
ORD-10553,2026-02-18 01:01,PERF-01,489.01,14.63,28.45,Pending
ORD-10554,2026-02-18 02:03,PERF-01,382.5,15.71,29.65,Completed
ORD-10555,2026-02-18 03:27,ORIENT-10,550.43,21.74,46.31,Completed
ORD-10556,2026-02-18 05:41,ROSE-05,228.76,20.6,25.47,Completed
ORD-10557,2026-02-18 05:51,PERF-01,403.55,28.45,42.77,Pending
ORD-10558,2026-02-18 06:08,ROSE-05,115.88,14.93,9.74,Completed
ORD-10559,2026-02-18 06:25,ROSE-05,124.78,19.93,10.07,Completed
ORD-10560,2026-02-18 10:00,PERF-01,240.18,13.22,18.26,Completed
ORD-10561,2026-02-18 11:19,JASMINE-07,203.42,26.64,23.32,Completed
ORD-10562,2026-02-18 12:20,AMBER-04,356.2,27.47,20.72,Completed
ORD-10563,2026-02-18 18:12,JASMINE-07,152.39,13.6,9.96,Refunded
ORD-10564,2026-02-18 20:24,FLOR-06,252.81,14.6,29.3,Completed
ORD-10565,2026-02-18 22:14,CITRUS-08,99.61,22.55,10.25,Completed
ORD-10566,2026-02-18 22:27,AMBER-04,272.38,29.52,29.38,Completed
ORD-10567,2026-02-19 03:35,VANILLA-09,121.14,14.25,7.78,Cancelled
ORD-10568,2026-02-19 07:01,JASMINE-07,178.94,13.71,19.05,Completed
ORD-10569,2026-02-19 12:39,JASMINE-07,298.18,13.93,33.24,Completed
ORD-10570,2026-02-19 14:02,JASMINE-07,111.95,12.23,12.48,Refunded
ORD-10571,2026-02-19 15:05,PERF-01,438.83,33.13,32.69,Completed
ORD-10572,2026-02-19 15:08,OUD-02,679.88,29.4,75.03,Completed
ORD-10573,2026-02-19 17:43,JASMINE-07,160.37,24.54,17.17,Cancelled
ORD-10574,2026-02-19 18:36,FLOR-06,303.34,29.84,35.59,Pending
ORD-10575,2026-02-19 19:15,VANILLA-09,268.11,24.39,27.78,Cancelled
ORD-10576,2026-02-19 19:51,CITRUS-08,173.76,10.93,12.97,Completed
ORD-10577,2026-02-19 20:39,VANILLA-09,178.39,13.38,10.14,Completed
ORD-10578,2026-02-20 02:11,OUD-02,511.53,18.03,57.71,Completed
ORD-10579,2026-02-20 03:45,CITRUS-08,228.51,11.24,21.13,Completed
ORD-10580,2026-02-20 03:45,MUSK-03,302.51,12.62,18.13,Completed
ORD-10581,2026-02-20 06:09,ORIENT-10,681.47,20.19,35.14,Completed
ORD-10582,2026-02-20 08:47,VANILLA-09,243.29,28.01,13.28,Pending
ORD-10583,2026-02-20 10:22,ORIENT-10,560.19,15.5,47.72,Completed
ORD-10584,2026-02-20 14:49,FLOR-06,152.47,20.79,15.47,Completed
ORD-10585,2026-02-20 15:56,VANILLA-09,293.2,14.27,16.84,Completed
ORD-10586,2026-02-20 17:43,OUD-02,410.96,21.54,49.12,Completed
ORD-10587,2026-02-21 01:05,AMBER-04,224.05,23.14,17.28,Completed
ORD-10588,2026-02-21 04:06,CITRUS-08,116.85,31.24,8.02,Completed
ORD-10589,2026-02-21 04:35,VANILLA-09,266.29,30.4,29.12,Completed
ORD-10590,2026-02-21 05:19,JASMINE-07,149.41,23.89,10.1,Completed
ORD-10591,2026-02-21 08:23,FLOR-06,136.78,21.99,12.67,Pending
ORD-10592,2026-02-21 11:03,CITRUS-08,239.71,15.66,22.46,Pending
ORD-10593,2026-02-21 12:01,JASMINE-07,195.81,15.88,20.65,Completed
ORD-10594,2026-02-21 14:24,OUD-02,742.7,13.64,73.0,Refunded
ORD-10595,2026-02-21 15:08,MUSK-03,224.25,16.27,13.05,Pending
ORD-10596,2026-02-21 21:07,PERF-01,516.72,18.63,59.67,Refunded
ORD-10597,2026-02-21 22:28,JASMINE-07,162.51,18.7,16.0,Completed
ORD-10598,2026-02-22 01:23,MUSK-03,225.42,27.9,12.35,Pending
ORD-10599,2026-02-22 02:52,FLOR-06,231.24,11.91,12.31,Completed
ORD-10600,2026-02-22 06:09,JASMINE-07,244.13,18.69,27.97,Completed
ORD-10601,2026-02-22 06:24,PERF-01,499.61,16.16,31.18,Cancelled
ORD-10602,2026-02-22 07:43,OUD-02,520.02,21.14,33.52,Completed
ORD-10603,2026-02-22 08:10,AMBER-04,265.6,23.78,31.5,Refunded
ORD-10604,2026-02-22 08:14,JASMINE-07,171.1,24.51,13.7,Completed
ORD-10605,2026-02-22 11:09,VANILLA-09,265.54,12.9,19.43,Completed
ORD-10606,2026-02-22 13:00,AMBER-04,327.56,33.27,30.41,Completed
ORD-10607,2026-02-22 18:53,ORIENT-10,430.22,33.38,46.26,Completed
ORD-10608,2026-02-22 19:29,FLOR-06,284.24,33.19,30.07,Completed
ORD-10609,2026-02-22 21:41,FLOR-06,107.15,19.88,12.61,Cancelled
ORD-10610,2026-02-22 22:00,VANILLA-09,148.34,12.72,17.29,Completed
ORD-10611,2026-02-22 22:47,FLOR-06,98.44,11.65,6.8,Refunded
ORD-10612,2026-02-23 04:29,CITRUS-08,256.47,24.66,17.13,Pending
ORD-10613,2026-02-23 09:23,OUD-02,713.66,28.49,45.01,Completed
ORD-10614,2026-02-23 09:30,FLOR-06,95.82,32.98,6.2,Refunded
ORD-10615,2026-02-23 09:47,VANILLA-09,229.16,32.49,12.41,Pending
ORD-10616,2026-02-23 10:31,ROSE-05,156.01,18.71,14.63,Refunded
ORD-10617,2026-02-23 11:08,OUD-02,704.5,25.36,79.83,Completed
ORD-10618,2026-02-23 13:05,PERF-01,300.02,12.99,21.09,Refunded
ORD-10619,2026-02-23 19:35,ROSE-05,305.23,25.99,34.12,Cancelled
ORD-10620,2026-02-23 20:50,OUD-02,524.14,33.14,53.51,Completed
ORD-10621,2026-02-23 22:57,MUSK-03,116.81,16.59,13.65,Completed
ORD-10622,2026-02-23 23:06,ORIENT-10,656.25,24.25,58.67,Refunded
ORD-10623,2026-02-24 02:30,JASMINE-07,116.47,26.83,7.32,Pending
ORD-10624,2026-02-24 03:04,MUSK-03,266.43,21.83,26.21,Completed
ORD-10625,2026-02-24 04:02,OUD-02,653.59,12.82,36.54,Completed
ORD-10626,2026-02-24 08:25,JASMINE-07,239.0,17.69,25.33,Pending
ORD-10627,2026-02-24 11:55,OUD-02,443.24,24.36,41.81,Completed
ORD-10628,2026-02-24 19:35,AMBER-04,494.16,22.85,46.71,Cancelled
ORD-10629,2026-02-24 23:21,FLOR-06,278.64,12.4,24.16,Completed
ORD-10630,2026-02-25 06:19,PERF-01,232.91,18.15,13.64,Refunded
ORD-10631,2026-02-25 12:10,ROSE-05,130.31,18.93,12.56,Refunded
ORD-10632,2026-02-25 13:58,JASMINE-07,250.76,32.92,25.33,Refunded
ORD-10633,2026-02-25 16:53,FLOR-06,227.24,29.99,22.06,Completed
ORD-10634,2026-02-25 18:21,ROSE-05,197.53,17.57,16.64,Completed
ORD-10635,2026-02-25 19:39,AMBER-04,259.77,28.54,22.49,Completed
ORD-10636,2026-02-25 20:05,AMBER-04,318.93,25.45,37.51,Completed
ORD-10637,2026-02-26 01:26,FLOR-06,113.72,22.96,6.76,Completed
ORD-10638,2026-02-26 03:31,CITRUS-08,95.05,23.59,9.11,Completed
ORD-10639,2026-02-26 09:09,CITRUS-08,177.12,20.14,20.07,Refunded
ORD-10640,2026-02-26 13:16,VANILLA-09,100.93,21.26,7.76,Completed
ORD-10641,2026-02-26 15:19,FLOR-06,299.52,28.25,35.69,Completed
ORD-10642,2026-02-26 15:31,MUSK-03,124.31,20.63,8.59,Cancelled
ORD-10643,2026-02-26 15:55,VANILLA-09,305.26,14.9,30.62,Completed
ORD-10644,2026-02-26 15:57,FLOR-06,225.41,12.81,24.13,Completed
ORD-10645,2026-02-26 18:09,ORIENT-10,397.99,24.87,34.06,Refunded
ORD-10646,2026-02-26 20:49,MUSK-03,116.69,30.15,6.77,Completed
ORD-10647,2026-02-26 22:42,CITRUS-08,148.32,27.3,15.1,Completed
ORD-10648,2026-02-27 00:29,CITRUS-08,99.72,14.15,9.86,Refunded
ORD-10649,2026-02-27 01:59,MUSK-03,301.03,31.9,25.69,Completed
ORD-10650,2026-02-27 03:00,CITRUS-08,221.97,22.07,11.35,Completed
ORD-10651,2026-02-27 06:36,AMBER-04,236.33,14.81,23.79,Refunded
ORD-10652,2026-02-27 07:17,PERF-01,241.08,33.06,21.58,Completed
ORD-10653,2026-02-27 13:52,PERF-01,499.22,26.75,36.36,Completed
ORD-10654,2026-02-27 17:39,ORIENT-10,632.87,24.16,45.24,Pending
ORD-10655,2026-02-27 18:18,FLOR-06,244.89,28.2,28.7,Completed
ORD-10656,2026-02-27 22:19,VANILLA-09,113.65,11.13,11.58,Refunded
ORD-10657,2026-02-28 01:02,ORIENT-10,544.46,30.85,31.27,Completed
ORD-10658,2026-02-28 03:55,CITRUS-08,129.27,22.95,12.49,Completed
ORD-10659,2026-02-28 05:03,ORIENT-10,681.57,19.63,78.36,Completed
ORD-10660,2026-02-28 08:51,VANILLA-09,268.58,33.12,31.89,Completed
ORD-10661,2026-02-28 10:39,VANILLA-09,120.73,34.1,13.69,Refunded
ORD-10662,2026-02-28 14:52,FLOR-06,148.67,11.89,10.54,Completed
ORD-10663,2026-02-28 18:49,FLOR-06,297.59,34.24,21.21,Pending
ORD-10664,2026-03-01 05:26,AMBER-04,257.96,34.63,21.65,Cancelled
ORD-10665,2026-03-01 08:48,FLOR-06,136.65,24.96,10.08,Completed
ORD-10666,2026-03-01 11:44,AMBER-04,468.82,34.91,41.6,Pending
ORD-10667,2026-03-01 12:48,AMBER-04,337.38,11.29,25.41,Completed
ORD-10668,2026-03-01 16:09,ORIENT-10,584.38,31.1,42.21,Pending
ORD-10669,2026-03-01 16:55,ORIENT-10,462.96,28.54,42.75,Completed
ORD-10670,2026-03-01 20:20,OUD-02,712.4,34.36,65.33,Completed
ORD-10671,2026-03-01 22:40,PERF-01,306.73,12.7,24.32,Completed
ORD-10672,2026-03-01 23:29,VANILLA-09,151.15,14.66,12.83,Completed
ORD-10673,2026-03-02 01:57,VANILLA-09,193.07,26.9,16.91,Refunded
ORD-10674,2026-03-02 10:36,MUSK-03,131.89,14.11,8.44,Cancelled
ORD-10675,2026-03-02 12:56,ORIENT-10,554.19,21.65,57.47,Completed
ORD-10676,2026-03-02 14:26,JASMINE-07,260.18,14.74,23.21,Refunded
ORD-10677,2026-03-02 18:44,VANILLA-09,285.44,20.25,20.91,Refunded
ORD-10678,2026-03-02 21:36,ORIENT-10,587.36,32.72,41.47,Cancelled
ORD-10679,2026-03-02 22:17,VANILLA-09,304.65,11.77,16.19,Pending
ORD-10680,2026-03-02 22:25,ORIENT-10,690.36,14.11,66.01,Completed
ORD-10681,2026-03-02 23:29,CITRUS-08,161.74,28.3,13.12,Completed
ORD-10682,2026-03-03 01:26,ROSE-05,304.51,28.78,17.02,Pending
ORD-10683,2026-03-03 06:03,VANILLA-09,119.87,21.18,11.59,Completed
ORD-10684,2026-03-03 09:59,AMBER-04,338.22,32.76,37.24,Cancelled
ORD-10685,2026-03-03 12:11,PERF-01,443.22,15.92,41.38,Completed
ORD-10686,2026-03-03 13:17,VANILLA-09,169.05,20.06,18.63,Completed
ORD-10687,2026-03-03 15:57,OUD-02,773.16,20.67,58.36,Completed
ORD-10688,2026-03-03 19:05,PERF-01,350.02,33.33,18.78,Pending
ORD-10689,2026-03-03 19:16,ROSE-05,97.59,17.97,7.17,Pending
ORD-10690,2026-03-03 19:29,ROSE-05,98.06,11.38,11.3,Completed
ORD-10691,2026-03-03 20:33,AMBER-04,361.26,18.5,42.25,Completed
ORD-10692,2026-03-04 05:50,ORIENT-10,580.96,33.72,57.09,Refunded
ORD-10693,2026-03-04 08:23,ROSE-05,180.94,16.85,9.08,Completed
ORD-10694,2026-03-04 08:45,ORIENT-10,769.96,19.85,45.68,Completed
ORD-10695,2026-03-04 11:46,VANILLA-09,256.84,16.11,15.3,Completed
ORD-10696,2026-03-04 15:35,CITRUS-08,208.08,30.61,12.45,Completed
ORD-10697,2026-03-04 15:45,AMBER-04,303.48,15.33,35.46,Completed
ORD-10698,2026-03-04 23:13,JASMINE-07,233.71,23.52,13.66,Completed
ORD-10699,2026-03-05 03:16,ROSE-05,146.17,19.43,9.81,Completed
ORD-10700,2026-03-05 07:10,MUSK-03,205.13,16.67,15.71,Cancelled
ORD-10701,2026-03-05 08:15,AMBER-04,508.19,23.27,30.51,Refunded
ORD-10702,2026-03-05 08:45,MUSK-03,257.31,29.38,27.63,Completed
ORD-10703,2026-03-05 13:27,AMBER-04,354.3,13.58,40.34,Pending
ORD-10704,2026-03-05 17:56,AMBER-04,293.84,21.66,34.27,Completed
ORD-10705,2026-03-05 19:02,CITRUS-08,181.66,14.42,19.34,Completed
ORD-10706,2026-03-05 19:42,AMBER-04,362.16,33.97,42.98,Completed
ORD-10707,2026-03-05 20:11,CITRUS-08,121.58,18.37,10.72,Refunded
ORD-10708,2026-03-05 20:58,FLOR-06,168.86,17.95,14.11,Completed
ORD-10709,2026-03-05 23:07,MUSK-03,104.48,14.21,11.94,Cancelled
ORD-10710,2026-03-06 02:53,MUSK-03,302.22,27.52,21.19,Completed
ORD-10711,2026-03-06 03:29,ROSE-05,165.22,29.49,17.41,Pending
ORD-10712,2026-03-06 04:15,FLOR-06,182.29,20.61,15.01,Completed
ORD-10713,2026-03-06 05:33,VANILLA-09,242.01,19.92,16.42,Completed
ORD-10714,2026-03-06 06:53,CITRUS-08,119.32,13.18,11.09,Completed
ORD-10715,2026-03-06 10:03,JASMINE-07,213.12,12.96,19.48,Refunded
ORD-10716,2026-03-06 10:59,PERF-01,469.42,17.92,53.6,Completed
ORD-10717,2026-03-06 13:10,ORIENT-10,552.77,30.79,41.21,Completed
ORD-10718,2026-03-06 14:25,VANILLA-09,116.46,16.78,13.9,Completed
ORD-10719,2026-03-06 17:23,PERF-01,304.11,17.48,32.65,Completed
ORD-10720,2026-03-06 18:12,MUSK-03,253.66,29.58,25.67,Refunded
ORD-10721,2026-03-06 21:39,FLOR-06,128.27,17.84,11.65,Cancelled
ORD-10722,2026-03-06 21:53,MUSK-03,170.49,24.29,17.43,Cancelled
ORD-10723,2026-03-06 23:40,OUD-02,656.26,28.1,61.81,Pending
ORD-10724,2026-03-07 01:16,OUD-02,447.17,15.47,33.01,Completed
ORD-10725,2026-03-07 11:23,MUSK-03,260.95,18.32,16.48,Completed
ORD-10726,2026-03-07 11:32,JASMINE-07,246.07,21.2,18.7,Pending
ORD-10727,2026-03-07 14:19,OUD-02,768.82,31.73,91.87,Cancelled
ORD-10728,2026-03-07 15:26,ORIENT-10,649.88,33.41,54.72,Completed
ORD-10729,2026-03-07 23:25,ROSE-05,290.73,24.14,20.11,Completed
ORD-10730,2026-03-08 00:05,CITRUS-08,220.64,24.23,16.57,Cancelled
ORD-10731,2026-03-08 01:26,JASMINE-07,128.33,18.11,12.84,Completed
ORD-10732,2026-03-08 01:31,ORIENT-10,631.34,22.56,64.79,Completed
ORD-10733,2026-03-08 05:14,OUD-02,532.05,18.65,57.36,Pending
ORD-10734,2026-03-08 05:19,ORIENT-10,750.52,15.6,45.46,Refunded
ORD-10735,2026-03-08 06:35,PERF-01,386.27,30.83,43.55,Pending
ORD-10736,2026-03-08 07:32,FLOR-06,211.23,25.39,11.19,Cancelled
ORD-10737,2026-03-08 09:18,MUSK-03,113.29,10.63,12.32,Completed
ORD-10738,2026-03-08 10:28,OUD-02,555.61,13.08,49.48,Completed
ORD-10739,2026-03-08 11:36,CITRUS-08,261.25,11.14,13.55,Completed
ORD-10740,2026-03-08 12:51,MUSK-03,175.39,25.72,17.68,Refunded
ORD-10741,2026-03-08 15:34,FLOR-06,280.18,27.04,32.13,Completed
ORD-10742,2026-03-08 17:11,ORIENT-10,684.23,15.41,63.94,Completed
ORD-10743,2026-03-08 18:56,MUSK-03,119.76,15.09,9.62,Completed
ORD-10744,2026-03-08 23:10,ROSE-05,101.67,12.58,8.4,Completed
ORD-10745,2026-03-09 00:52,AMBER-04,340.01,22.85,37.19,Completed
ORD-10746,2026-03-09 01:53,AMBER-04,472.4,18.72,33.55,Completed
ORD-10747,2026-03-09 02:59,AMBER-04,316.97,12.94,33.71,Completed
ORD-10748,2026-03-09 04:41,PERF-01,413.5,16.36,46.24,Completed
ORD-10749,2026-03-09 05:15,FLOR-06,130.66,12.54,10.06,Pending
ORD-10750,2026-03-09 06:50,MUSK-03,213.61,18.18,11.21,Refunded
ORD-10751,2026-03-09 10:20,AMBER-04,515.81,26.14,28.83,Completed
ORD-10752,2026-03-09 10:52,OUD-02,737.6,29.86,40.59,Pending
ORD-10753,2026-03-09 11:07,FLOR-06,122.44,14.11,11.66,Completed
ORD-10754,2026-03-09 12:07,ROSE-05,196.32,14.42,16.15,Completed
ORD-10755,2026-03-09 12:10,FLOR-06,157.25,33.96,16.67,Completed
ORD-10756,2026-03-09 14:05,ROSE-05,111.14,20.78,6.08,Cancelled
ORD-10757,2026-03-09 19:12,CITRUS-08,268.05,20.05,17.2,Cancelled
ORD-10758,2026-03-09 23:43,PERF-01,284.28,31.8,26.16,Completed
ORD-10759,2026-03-10 01:06,JASMINE-07,199.99,23.52,20.13,Pending
ORD-10760,2026-03-10 01:53,VANILLA-09,158.06,16.35,11.6,Completed
ORD-10761,2026-03-10 05:33,PERF-01,497.52,13.98,42.0,Completed
ORD-10762,2026-03-10 05:39,MUSK-03,195.15,24.72,11.0,Completed
ORD-10763,2026-03-10 05:49,JASMINE-07,104.3,20.9,9.22,Completed
ORD-10764,2026-03-10 06:51,FLOR-06,120.98,11.8,11.35,Completed
ORD-10765,2026-03-10 08:22,ORIENT-10,462.14,31.19,35.04,Completed
ORD-10766,2026-03-10 13:40,MUSK-03,175.85,15.6,20.94,Completed
ORD-10767,2026-03-10 17:28,MUSK-03,182.7,33.01,18.68,Completed
ORD-10768,2026-03-10 17:41,JASMINE-07,214.81,21.33,20.29,Refunded
ORD-10769,2026-03-10 18:02,FLOR-06,248.12,33.64,28.71,Completed
ORD-10770,2026-03-10 19:33,ORIENT-10,334.56,14.51,37.28,Completed
ORD-10771,2026-03-10 21:45,CITRUS-08,274.09,33.14,17.01,Refunded
ORD-10772,2026-03-10 22:51,FLOR-06,166.34,31.16,19.0,Completed
ORD-10773,2026-03-11 02:40,VANILLA-09,241.45,23.98,13.9,Completed
ORD-10774,2026-03-11 05:41,PERF-01,433.23,28.62,25.23,Completed
ORD-10775,2026-03-11 07:53,AMBER-04,415.87,29.64,23.46,Pending
ORD-10776,2026-03-11 15:17,OUD-02,478.48,15.39,44.18,Completed
ORD-10777,2026-03-11 18:00,OUD-02,696.53,30.19,78.87,Pending
ORD-10778,2026-03-11 19:41,ROSE-05,185.6,12.01,10.21,Completed
ORD-10779,2026-03-12 01:47,FLOR-06,171.1,19.59,15.26,Cancelled
ORD-10780,2026-03-12 06:31,AMBER-04,425.66,24.16,27.63,Completed
ORD-10781,2026-03-12 07:18,OUD-02,774.48,29.72,57.82,Completed
ORD-10782,2026-03-12 08:29,CITRUS-08,110.61,26.12,6.84,Cancelled
ORD-10783,2026-03-12 14:59,PERF-01,293.57,16.54,33.42,Completed
ORD-10784,2026-03-12 15:57,ORIENT-10,523.21,18.95,45.1,Completed
ORD-10785,2026-03-12 15:59,OUD-02,433.58,17.72,22.38,Cancelled
ORD-10786,2026-03-12 16:10,ROSE-05,148.95,28.49,11.73,Completed
ORD-10787,2026-03-12 17:09,CITRUS-08,153.18,31.86,16.17,Completed
ORD-10788,2026-03-12 17:23,CITRUS-08,158.95,28.52,14.32,Cancelled
ORD-10789,2026-03-12 18:33,OUD-02,600.19,30.72,62.71,Pending
ORD-10790,2026-03-12 19:01,VANILLA-09,145.15,32.59,15.91,Completed
ORD-10791,2026-03-12 19:54,FLOR-06,228.46,14.76,21.16,Completed
ORD-10792,2026-03-12 21:18,ORIENT-10,496.64,26.98,33.02,Completed
ORD-10793,2026-03-12 22:16,PERF-01,350.76,31.94,35.2,Completed
ORD-10794,2026-03-13 03:20,FLOR-06,284.06,26.79,19.26,Completed
ORD-10795,2026-03-13 04:40,FLOR-06,128.27,22.16,13.88,Cancelled
ORD-10796,2026-03-13 09:41,VANILLA-09,136.07,21.15,15.89,Cancelled
ORD-10797,2026-03-13 11:22,CITRUS-08,247.14,27.59,15.63,Completed
ORD-10798,2026-03-13 16:43,ORIENT-10,583.51,27.62,49.18,Cancelled
ORD-10799,2026-03-13 17:08,VANILLA-09,95.1,11.37,4.86,Refunded
ORD-10800,2026-03-13 17:39,MUSK-03,205.77,32.55,13.45,Completed
ORD-10801,2026-03-13 18:07,AMBER-04,254.76,11.97,25.49,Pending
ORD-10802,2026-03-13 21:09,AMBER-04,320.94,24.74,25.85,Completed
ORD-10803,2026-03-14 00:56,VANILLA-09,303.25,11.34,24.6,Completed
ORD-10804,2026-03-14 01:30,ROSE-05,215.67,30.28,11.04,Completed
ORD-10805,2026-03-14 01:55,AMBER-04,405.48,25.88,41.77,Completed
ORD-10806,2026-03-14 06:29,FLOR-06,189.83,30.33,20.07,Completed
ORD-10807,2026-03-14 08:49,FLOR-06,220.42,26.23,23.41,Pending
ORD-10808,2026-03-14 14:54,CITRUS-08,107.3,28.59,7.2,Cancelled
ORD-10809,2026-03-14 17:20,CITRUS-08,182.29,13.63,12.16,Cancelled
ORD-10810,2026-03-14 21:48,JASMINE-07,156.52,30.53,13.92,Completed
ORD-10811,2026-03-14 21:56,AMBER-04,466.37,27.37,52.78,Refunded
ORD-10812,2026-03-14 22:55,JASMINE-07,304.02,11.94,15.54,Pending
ORD-10813,2026-03-15 04:16,FLOR-06,251.14,28.82,24.41,Completed
ORD-10814,2026-03-15 06:57,MUSK-03,250.78,20.53,23.02,Completed
ORD-10815,2026-03-15 07:52,OUD-02,408.68,17.21,42.43,Completed
ORD-10816,2026-03-15 08:35,ORIENT-10,402.56,32.83,40.82,Refunded
ORD-10817,2026-03-15 08:39,OUD-02,769.45,30.11,68.34,Cancelled
ORD-10818,2026-03-15 08:55,PERF-01,265.93,27.04,30.87,Refunded
ORD-10819,2026-03-15 12:12,VANILLA-09,269.63,14.18,13.72,Completed
ORD-10820,2026-03-15 21:27,AMBER-04,287.39,26.01,33.92,Pending
ORD-10821,2026-03-15 23:18,ORIENT-10,500.6,32.53,32.2,Completed
ORD-10822,2026-03-15 23:22,MUSK-03,122.77,34.67,10.42,Completed
ORD-10823,2026-03-16 00:41,CITRUS-08,296.51,31.16,35.53,Completed
ORD-10824,2026-03-16 01:52,CITRUS-08,102.81,26.2,12.29,Completed
ORD-10825,2026-03-16 01:53,AMBER-04,346.62,26.72,33.97,Completed
ORD-10826,2026-03-16 03:13,VANILLA-09,168.33,27.02,13.62,Completed
ORD-10827,2026-03-16 05:06,VANILLA-09,206.09,20.61,19.66,Completed
ORD-10828,2026-03-16 10:44,VANILLA-09,122.7,30.1,9.55,Completed
ORD-10829,2026-03-16 11:35,CITRUS-08,290.34,31.18,33.88,Refunded
ORD-10830,2026-03-16 13:39,ROSE-05,154.9,29.59,11.45,Cancelled
ORD-10831,2026-03-16 14:42,VANILLA-09,260.71,12.7,29.08,Completed
ORD-10832,2026-03-16 15:45,PERF-01,514.78,13.9,60.78,Completed
ORD-10833,2026-03-16 20:00,AMBER-04,375.79,30.47,34.25,Refunded
ORD-10834,2026-03-17 00:11,AMBER-04,291.75,18.83,25.84,Cancelled
ORD-10835,2026-03-17 02:41,MUSK-03,257.35,14.53,17.77,Cancelled
ORD-10836,2026-03-17 08:21,PERF-01,430.1,17.73,44.45,Cancelled
ORD-10837,2026-03-17 09:01,CITRUS-08,99.76,27.26,7.01,Refunded
ORD-10838,2026-03-17 09:35,AMBER-04,302.32,10.72,26.45,Refunded
ORD-10839,2026-03-17 11:07,CITRUS-08,108.99,24.12,8.14,Completed
ORD-10840,2026-03-17 12:13,CITRUS-08,307.62,31.65,21.78,Completed
ORD-10841,2026-03-17 13:29,OUD-02,686.28,20.74,47.27,Refunded
ORD-10842,2026-03-17 14:34,JASMINE-07,227.23,16.47,17.99,Completed
ORD-10843,2026-03-17 16:43,FLOR-06,197.07,30.8,21.85,Refunded
ORD-10844,2026-03-17 17:34,VANILLA-09,160.74,16.27,10.44,Refunded
ORD-10845,2026-03-17 20:56,AMBER-04,443.29,29.07,46.81,Cancelled
ORD-10846,2026-03-17 23:18,FLOR-06,297.65,19.56,18.41,Refunded
ORD-10847,2026-03-18 00:26,PERF-01,428.08,12.86,39.89,Completed
ORD-10848,2026-03-18 03:21,ORIENT-10,611.51,19.12,46.93,Refunded
ORD-10849,2026-03-18 11:43,PERF-01,516.82,23.51,45.45,Completed
ORD-10850,2026-03-18 15:58,VANILLA-09,299.48,16.1,29.97,Completed
ORD-10851,2026-03-18 20:31,OUD-02,507.24,19.46,37.4,Completed
ORD-10852,2026-03-18 21:05,OUD-02,410.3,20.28,40.09,Completed
ORD-10853,2026-03-18 21:25,FLOR-06,99.94,24.64,7.0,Completed
ORD-10854,2026-03-18 21:27,VANILLA-09,187.22,31.36,9.99,Completed
ORD-10855,2026-03-18 21:45,ROSE-05,306.46,22.48,34.86,Completed
ORD-10856,2026-03-18 22:51,ROSE-05,105.55,26.25,7.39,Cancelled
ORD-10857,2026-03-19 00:27,ROSE-05,196.23,21.88,11.16,Cancelled
ORD-10858,2026-03-19 01:37,AMBER-04,294.35,25.53,30.21,Completed
ORD-10859,2026-03-19 06:01,JASMINE-07,257.02,13.27,13.22,Completed
ORD-10860,2026-03-19 09:02,PERF-01,328.02,17.45,21.34,Completed
ORD-10861,2026-03-19 09:28,VANILLA-09,182.01,20.02,18.52,Refunded
ORD-10862,2026-03-19 10:06,CITRUS-08,155.73,28.84,10.97,Cancelled
ORD-10863,2026-03-19 13:28,ORIENT-10,621.46,10.85,68.82,Cancelled
ORD-10864,2026-03-19 14:07,ORIENT-10,761.34,25.33,66.89,Completed
ORD-10865,2026-03-19 15:11,MUSK-03,252.4,32.61,14.93,Completed
ORD-10866,2026-03-20 00:24,VANILLA-09,294.3,19.0,18.83,Refunded
ORD-10867,2026-03-20 00:28,ORIENT-10,391.69,15.02,25.59,Completed
ORD-10868,2026-03-20 00:32,VANILLA-09,180.34,31.95,11.58,Pending
ORD-10869,2026-03-20 04:06,JASMINE-07,309.93,22.84,17.15,Completed
ORD-10870,2026-03-20 04:28,ORIENT-10,775.84,21.29,77.8,Pending
ORD-10871,2026-03-20 04:43,MUSK-03,301.01,10.53,26.89,Refunded
ORD-10872,2026-03-20 06:49,ROSE-05,231.55,19.89,25.99,Completed
ORD-10873,2026-03-20 09:12,MUSK-03,147.75,27.52,11.77,Refunded
ORD-10874,2026-03-20 11:32,FLOR-06,156.4,29.44,12.88,Refunded
ORD-10875,2026-03-20 11:45,CITRUS-08,262.26,16.63,25.27,Completed
ORD-10876,2026-03-20 15:20,CITRUS-08,174.48,15.83,12.75,Pending
ORD-10877,2026-03-20 15:22,CITRUS-08,157.68,18.62,17.24,Completed
ORD-10878,2026-03-20 18:23,OUD-02,370.8,26.97,19.48,Refunded
ORD-10879,2026-03-20 22:54,ROSE-05,262.28,13.0,29.35,Cancelled
ORD-10880,2026-03-20 23:29,ROSE-05,165.69,10.7,14.12,Cancelled
ORD-10881,2026-03-20 23:56,FLOR-06,276.04,14.03,25.86,Refunded
ORD-10882,2026-03-21 02:14,OUD-02,565.18,22.24,59.53,Completed
ORD-10883,2026-03-21 03:44,CITRUS-08,292.3,18.63,16.03,Completed
ORD-10884,2026-03-21 03:51,ROSE-05,98.36,16.27,7.98,Refunded
ORD-10885,2026-03-21 06:28,OUD-02,514.51,20.83,55.73,Completed
ORD-10886,2026-03-21 08:49,ORIENT-10,641.83,10.09,46.61,Refunded
ORD-10887,2026-03-21 10:18,CITRUS-08,303.25,13.21,32.84,Cancelled
ORD-10888,2026-03-21 16:59,VANILLA-09,298.48,30.34,21.12,Completed
ORD-10889,2026-03-21 17:31,ROSE-05,150.41,33.42,10.71,Cancelled
ORD-10890,2026-03-21 18:42,MUSK-03,113.8,29.39,12.34,Completed
ORD-10891,2026-03-21 19:07,VANILLA-09,99.75,13.93,7.55,Refunded
ORD-10892,2026-03-21 19:16,OUD-02,653.34,22.02,34.69,Cancelled
ORD-10893,2026-03-21 19:18,JASMINE-07,133.68,32.62,12.52,Completed
ORD-10894,2026-03-21 19:21,ROSE-05,299.54,25.79,25.87,Completed
ORD-10895,2026-03-21 23:33,VANILLA-09,271.27,18.52,23.45,Refunded
ORD-10896,2026-03-22 04:15,OUD-02,542.74,23.89,51.76,Completed
ORD-10897,2026-03-22 05:43,JASMINE-07,178.63,26.95,8.98,Completed
ORD-10898,2026-03-22 05:56,MUSK-03,253.49,16.02,26.31,Completed
ORD-10899,2026-03-22 07:56,VANILLA-09,243.04,19.82,28.77,Refunded
ORD-10900,2026-03-22 12:43,VANILLA-09,271.07,15.87,15.42,Pending
ORD-10901,2026-03-22 15:50,JASMINE-07,165.86,25.87,8.6,Completed
ORD-10902,2026-03-22 22:19,MUSK-03,301.66,18.8,18.39,Pending
ORD-10903,2026-03-23 02:07,AMBER-04,458.22,17.08,31.53,Refunded
ORD-10904,2026-03-23 02:19,OUD-02,421.21,14.71,43.76,Completed
ORD-10905,2026-03-23 06:45,OUD-02,495.35,25.42,47.22,Completed
ORD-10906,2026-03-23 07:40,ORIENT-10,680.74,17.89,36.84,Completed
ORD-10907,2026-03-23 08:44,VANILLA-09,256.49,18.31,28.44,Completed
ORD-10908,2026-03-23 14:42,FLOR-06,173.21,26.27,15.12,Refunded
ORD-10909,2026-03-23 15:13,FLOR-06,115.16,22.47,9.96,Completed
ORD-10910,2026-03-23 17:47,FLOR-06,108.67,17.57,9.48,Pending
ORD-10911,2026-03-23 18:00,VANILLA-09,121.16,22.69,12.25,Completed
ORD-10912,2026-03-23 18:33,MUSK-03,95.4,34.45,5.56,Completed
ORD-10913,2026-03-23 19:01,CITRUS-08,297.13,26.21,33.64,Completed
ORD-10914,2026-03-23 20:24,PERF-01,447.58,25.12,48.99,Completed
ORD-10915,2026-03-23 20:46,FLOR-06,170.22,15.68,11.11,Completed
ORD-10916,2026-03-24 00:16,PERF-01,355.93,17.8,27.39,Cancelled
ORD-10917,2026-03-24 07:15,VANILLA-09,101.48,30.23,6.21,Cancelled
ORD-10918,2026-03-24 07:49,PERF-01,517.29,15.13,52.85,Completed
ORD-10919,2026-03-24 09:19,ROSE-05,111.83,15.44,11.27,Completed
ORD-10920,2026-03-24 10:29,FLOR-06,119.86,31.44,7.8,Pending
ORD-10921,2026-03-24 22:17,AMBER-04,387.76,19.45,42.83,Cancelled
ORD-10922,2026-03-24 23:17,OUD-02,703.82,22.38,84.06,Completed
ORD-10923,2026-03-25 02:44,CITRUS-08,289.02,28.26,21.43,Completed
ORD-10924,2026-03-25 03:55,MUSK-03,224.54,29.78,15.28,Cancelled
ORD-10925,2026-03-25 05:03,ROSE-05,192.52,27.06,11.28,Completed
ORD-10926,2026-03-25 05:29,ROSE-05,243.75,16.98,20.19,Pending
ORD-10927,2026-03-25 08:48,ORIENT-10,684.62,14.35,59.51,Refunded
ORD-10928,2026-03-25 11:57,FLOR-06,270.89,12.54,23.93,Completed
ORD-10929,2026-03-25 13:03,ROSE-05,98.92,11.15,11.67,Cancelled
ORD-10930,2026-03-25 14:46,AMBER-04,332.42,21.48,27.27,Cancelled
ORD-10931,2026-03-25 15:00,ROSE-05,261.79,27.91,15.59,Refunded
ORD-10932,2026-03-25 16:20,MUSK-03,108.57,33.02,9.8,Cancelled
ORD-10933,2026-03-25 18:10,VANILLA-09,262.48,30.57,21.84,Refunded
ORD-10934,2026-03-25 22:37,FLOR-06,217.36,24.66,25.38,Cancelled
ORD-10935,2026-03-26 00:34,FLOR-06,258.15,18.75,27.94,Pending
ORD-10936,2026-03-26 05:18,ORIENT-10,545.87,25.69,58.56,Completed
ORD-10937,2026-03-26 08:26,JASMINE-07,206.11,14.86,15.45,Cancelled
ORD-10938,2026-03-26 12:10,JASMINE-07,250.04,21.48,18.86,Completed
ORD-10939,2026-03-26 15:01,PERF-01,252.1,15.38,21.26,Completed
ORD-10940,2026-03-26 15:56,AMBER-04,276.66,19.96,30.4,Completed
ORD-10941,2026-03-26 21:28,JASMINE-07,102.91,21.02,11.15,Refunded
ORD-10942,2026-03-27 01:40,OUD-02,585.82,25.45,42.38,Cancelled
ORD-10943,2026-03-27 03:06,JASMINE-07,229.02,15.37,12.29,Completed
ORD-10944,2026-03-27 04:24,AMBER-04,278.99,11.54,16.47,Completed
ORD-10945,2026-03-27 06:14,ORIENT-10,445.63,33.22,25.11,Refunded
ORD-10946,2026-03-27 08:47,VANILLA-09,192.9,22.23,13.16,Completed
ORD-10947,2026-03-27 10:36,ROSE-05,231.25,25.59,19.47,Pending
ORD-10948,2026-03-27 11:31,MUSK-03,189.9,27.13,14.39,Completed
ORD-10949,2026-03-27 14:53,VANILLA-09,284.59,33.69,24.41,Cancelled
ORD-10950,2026-03-27 15:38,MUSK-03,136.1,17.85,13.53,Completed
ORD-10951,2026-03-27 15:42,FLOR-06,256.47,12.25,26.82,Completed
ORD-10952,2026-03-27 16:47,CITRUS-08,275.79,22.89,31.82,Cancelled
ORD-10953,2026-03-27 18:08,FLOR-06,275.38,10.92,23.21,Completed
ORD-10954,2026-03-27 20:08,AMBER-04,488.44,25.54,38.8,Pending
ORD-10955,2026-03-28 02:14,ROSE-05,275.7,22.2,16.45,Cancelled
ORD-10956,2026-03-28 03:18,OUD-02,556.9,32.06,52.93,Completed
ORD-10957,2026-03-28 09:17,AMBER-04,391.79,14.27,24.55,Pending
ORD-10958,2026-03-28 10:20,OUD-02,540.58,23.83,28.47,Completed
ORD-10959,2026-03-28 11:02,OUD-02,670.41,26.47,55.15,Completed
ORD-10960,2026-03-28 14:05,FLOR-06,218.93,13.01,22.53,Completed
ORD-10961,2026-03-28 14:31,JASMINE-07,171.42,13.36,15.45,Completed
ORD-10962,2026-03-28 15:46,FLOR-06,269.29,18.06,23.18,Refunded
ORD-10963,2026-03-28 18:41,PERF-01,505.13,30.34,54.78,Refunded
ORD-10964,2026-03-28 20:37,ROSE-05,137.57,25.56,11.17,Refunded
ORD-10965,2026-03-29 01:24,OUD-02,603.75,17.09,32.38,Completed
ORD-10966,2026-03-29 01:56,VANILLA-09,286.31,22.2,16.62,Completed
ORD-10967,2026-03-29 04:53,FLOR-06,123.88,12.63,6.99,Pending
ORD-10968,2026-03-29 08:02,VANILLA-09,194.77,19.89,13.68,Completed
ORD-10969,2026-03-29 10:50,FLOR-06,286.39,15.55,27.54,Pending
ORD-10970,2026-03-29 12:11,MUSK-03,224.15,10.71,20.09,Completed
ORD-10971,2026-03-29 13:11,VANILLA-09,280.3,11.27,20.12,Completed
ORD-10972,2026-03-29 14:15,MUSK-03,270.13,27.53,19.21,Completed
ORD-10973,2026-03-29 17:20,FLOR-06,220.08,14.9,19.46,Completed
ORD-10974,2026-03-29 20:08,CITRUS-08,144.11,16.2,9.11,Completed
ORD-10975,2026-03-29 21:12,ROSE-05,294.32,24.87,34.05,Completed
ORD-10976,2026-03-29 22:22,FLOR-06,123.24,24.31,6.26,Completed
ORD-10977,2026-03-30 08:10,FLOR-06,115.55,33.28,5.99,Completed
ORD-10978,2026-03-30 09:46,MUSK-03,172.39,21.67,9.14,Cancelled
ORD-10979,2026-03-30 10:47,ORIENT-10,466.38,22.67,40.65,Completed
ORD-10980,2026-03-30 12:47,ORIENT-10,548.98,12.81,28.45,Pending
ORD-10981,2026-03-30 16:18,JASMINE-07,245.34,17.59,25.99,Cancelled
ORD-10982,2026-03-30 17:08,ROSE-05,162.59,13.1,16.45,Completed
ORD-10983,2026-03-30 17:43,FLOR-06,299.07,16.63,29.05,Completed
ORD-10984,2026-03-30 17:58,PERF-01,244.51,34.96,19.39,Completed
ORD-10985,2026-03-30 18:14,ORIENT-10,720.39,34.41,47.13,Pending
ORD-10986,2026-03-30 19:09,MUSK-03,258.67,33.28,30.76,Cancelled
ORD-10987,2026-03-30 20:59,FLOR-06,300.85,16.61,20.16,Completed
ORD-10988,2026-03-30 22:26,ROSE-05,230.07,32.24,22.84,Refunded
ORD-10989,2026-03-30 22:57,ROSE-05,263.25,31.2,16.31,Pending
ORD-10990,2026-03-31 00:11,VANILLA-09,150.61,20.5,17.3,Completed
ORD-10991,2026-03-31 00:24,ORIENT-10,611.13,30.76,60.76,Pending
ORD-10992,2026-03-31 01:59,PERF-01,228.39,25.79,22.81,Completed
ORD-10993,2026-03-31 05:25,VANILLA-09,116.77,17.25,10.88,Completed
ORD-10994,2026-03-31 05:46,AMBER-04,370.98,16.01,37.02,Completed
ORD-10995,2026-03-31 11:26,FLOR-06,192.07,22.67,16.12,Completed
ORD-10996,2026-03-31 14:13,ROSE-05,142.68,10.71,9.87,Completed
ORD-10997,2026-03-31 14:29,JASMINE-07,250.75,10.26,22.35,Completed
ORD-10998,2026-03-31 19:25,JASMINE-07,112.67,18.63,7.2,Completed
ORD-10999,2026-03-31 21:14,PERF-01,368.78,25.48,22.94,Cancelled
ORD-11000,2026-03-31 22:12,CITRUS-08,243.3,33.44,21.46,Completed
